0,18.503,9.543,6.0,9,6.0,9,18.503,9.543
1,18.503,11.311,6.0,13,6.0,13,18.503,11.311
2,20.486,13.303,7.0,13,7.0,13,20.486,13.303
3,20.486,11.759,6.0,13,6.0,13,20.486,11.759
4,22.323,12.966,5.0,13,5.0,13,22.323,12.966
5,22.323,11.413,3.0,10,3.0,10,22.323,11.413
6,22.323,13.588,4.0,13,4.0,13,22.323,13.588
7,22.323,12.261,4.0,13,4.0,13,22.323,12.261
8,22.753,15.877,4.0,9,4.0,9,22.753,15.877
9,22.753,13.471,3.0,7,3.0,7,22.753,13.471
10,22.753,12.138,2.0,4,2.0,4,22.753,12.138
11,22.753,14.174,3.0,7,3.0,7,22.753,14.174
12,22.753,14.198,4.0,13,4.0,13,22.753,14.198
13,22.753,13.524,4.0,5,4.0,5,22.753,13.524
14,22.753,13.654,3.0,4,3.0,4,22.753,13.654
15,22.753,16.228,3.0,4,3.0,4,22.753,16.228
16,22.753,16.962,4.0,7,4.0,7,22.753,16.962
17,22.753,14.922,3.0,6,3.0,6,22.753,14.922
18,22.753,17.557,4.0,9,4.0,9,22.753,17.557
19,24.199,16.055,4.0,10,4.0,10,24.199,16.055
20,24.199,14.586,3.0,7,3.0,7,24.199,14.586
21,24.199,15.926,3.0,10,3.0,10,24.199,15.926
22,24.199,14.694,3.0,5,3.0,5,24.199,14.694
23,24.199,14.987,3.0,5,3.0,5,24.199,14.987
24,24.199,14.144,3.0,4,3.0,4,24.199,14.144
25,24.199,15.105,4.0,10,4.0,10,24.199,15.105
26,24.199,16.61,4.0,13,4.0,13,24.199,16.61
27,24.199,17.154,5.0,13,5.0,13,24.199,17.154
28,24.657,14.412,4.0,7,4.0,7,24.657,14.412
29,24.657,17.982,2.0,4,2.0,4,24.657,17.982
30,24.657,15.277,3.0,5,3.0,5,24.657,15.277
31,24.657,16.481,2.0,4,2.0,4,24.657,16.481
32,24.677,15.861,3.0,4,3.0,4,24.677,15.861
33,24.677,17.421,3.0,9,3.0,9,24.677,17.421
34,26.575,17.053,3.0,10,3.0,10,26.575,17.053
35,26.575,16.302,4.0,9,4.0,9,26.575,16.302
36,26.575,14.971,3.0,4,3.0,4,26.575,14.971
37,26.575,13.597,2.0,4,2.0,4,26.575,13.597
38,26.575,13.506,3.0,4,3.0,4,26.575,13.506
39,26.575,14.245,3.0,4,3.0,4,26.575,14.245
40,26.575,12.737,3.0,4,3.0,4,26.575,12.737
41,26.575,16.131,3.0,4,3.0,4,26.575,16.131
42,26.575,18.475,4.0,7,4.0,7,26.575,18.475
43,26.575,18.288,5.0,13,5.0,13,26.575,18.288
44,26.575,14.538,3.0,7,3.0,7,26.575,14.538
45,26.575,11.927,3.0,4,3.0,4,26.575,11.927
46,26.575,13.445,2.0,4,2.0,4,26.575,13.445
47,26.575,13.832,2.0,4,2.0,4,26.575,13.832
48,26.575,15.155,4.0,10,4.0,10,26.575,15.155
49,26.575,16.53,4.0,4,4.0,4,26.575,16.53
50,26.575,16.984,4.0,6,4.0,6,26.575,16.984
51,26.575,18.395,4.0,6,4.0,6,26.575,18.395
52,26.575,14.945,5.0,13,5.0,13,26.575,14.945
53,26.575,14.508,6.0,13,6.0,13,26.575,14.508
54,26.575,14.828,4.0,13,4.0,13,26.575,14.828
55,26.575,15.041,5.0,13,5.0,13,26.575,15.041
56,26.575,14.381,3.0,4,3.0,4,26.575,14.381
57,26.575,15.691,3.0,4,3.0,4,26.575,15.691
58,26.575,14.266,3.0,4,3.0,4,26.575,14.266
59,26.575,17.063,3.0,4,3.0,4,26.575,17.063
60,26.575,16.022,3.0,7,3.0,7,26.575,16.022
61,26.575,15.661,4.0,4,4.0,4,26.575,15.661
62,26.575,13.951,4.0,4,4.0,4,26.575,13.951
63,26.575,17.309,4.0,4,4.0,4,26.575,17.309
64,26.575,16.737,4.0,13,4.0,13,26.575,16.737
65,26.575,15.161,4.0,13,4.0,13,26.575,15.161
66,26.575,14.27,5.0,9,5.0,9,26.575,14.27
67,26.575,12.913,4.0,7,4.0,7,26.575,12.913
68,26.575,14.19,3.0,4,3.0,4,26.575,14.19
69,26.575,12.737,3.0,6,3.0,6,26.575,12.737
70,26.575,13.448,4.0,13,4.0,13,26.575,13.448
71,26.575,14.282,4.0,13,4.0,13,26.575,14.282
72,26.575,14.116,4.0,13,4.0,13,26.575,14.116
73,26.575,16.585,6.0,13,6.0,13,26.575,16.585
74,26.575,14.676,5.0,13,5.0,13,26.575,14.676
75,26.575,19.057,4.0,5,4.0,5,26.575,19.057
76,26.575,17.409,3.0,5,3.0,5,26.575,17.409
77,26.575,14.385,3.0,9,3.0,9,26.575,14.385
78,26.575,12.404,2.0,7,2.0,7,26.575,12.404
79,26.575,10.631,2.0,5,2.0,5,26.575,10.631
80,26.575,13.491,5.0,13,5.0,13,26.575,13.491
81,26.575,12.794,3.0,5,3.0,5,26.575,12.794
82,26.575,17.748,4.0,10,4.0,10,26.575,17.748
83,26.575,12.564,3.0,7,3.0,7,26.575,12.564
84,26.575,12.664,3.0,6,3.0,6,26.575,12.664
85,26.575,13.469,2.0,4,2.0,4,26.575,13.469
86,26.575,13.334,2.0,7,2.0,7,26.575,13.334
87,26.575,14.78,7.0,40,7.0,40,26.575,14.78
88,26.575,13.438,3.0,4,3.0,4,26.575,13.438
89,26.575,14.05,3.0,4,3.0,4,26.575,14.05
90,26.575,17.962,3.0,4,3.0,4,26.575,17.962
91,26.575,18.11,4.0,4,4.0,4,26.575,18.11
92,26.575,19.025,4.0,13,4.0,13,26.575,19.025
93,26.575,15.165,4.0,13,4.0,13,26.575,15.165
94,26.575,18.382,3.0,5,3.0,5,26.575,18.382
95,26.575,13.584,2.0,4,2.0,4,26.575,13.584
96,26.575,14.319,3.0,4,3.0,4,26.575,14.319
97,26.575,13.61,3.0,4,3.0,4,26.575,13.61
98,26.575,15.903,3.0,4,3.0,4,26.575,15.903
99,26.575,15.789,3.0,5,3.0,5,26.575,15.789
100,26.575,16.218,4.0,13,4.0,13,26.575,16.218
101,26.575,15.793,4.0,13,4.0,13,26.575,15.793
102,26.575,13.789,3.0,4,3.0,4,26.575,13.789
103,26.575,15.007,3.0,4,3.0,4,26.575,15.007
104,26.575,17.329,4.0,7,4.0,7,26.575,17.329
105,26.575,14.667,5.0,13,5.0,13,26.575,14.667
106,26.575,16.078,4.0,9,4.0,9,26.575,16.078
107,26.575,14.042,4.0,9,4.0,9,26.575,14.042
108,26.575,13.664,4.0,13,4.0,13,26.575,13.664
109,26.575,13.647,3.0,7,3.0,7,26.575,13.647
110,26.575,14.148,5.0,13,5.0,13,26.575,14.148
111,26.575,13.467,2.0,5,2.0,5,26.575,13.467
112,26.575,15.196,2.0,4,2.0,4,26.575,15.196
113,26.575,16.917,4.0,13,4.0,13,26.575,16.917
114,26.575,14.728,3.0,13,3.0,13,26.575,14.728
115,26.575,16.532,6.0,13,6.0,13,26.575,16.532
116,26.575,15.961,6.0,13,6.0,13,26.575,15.961
117,26.575,14.472,3.0,7,3.0,7,26.575,14.472
118,26.575,17.705,3.0,4,3.0,4,26.575,17.705
119,26.575,20.105,4.0,4,4.0,4,26.575,20.105
120,26.575,14.808,4.0,10,4.0,10,26.575,14.808
121,26.575,15.319,2.0,4,2.0,4,26.575,15.319
122,26.575,15.047,3.0,10,3.0,10,26.575,15.047
123,26.575,16.877,5.0,13,5.0,13,26.575,16.877
124,26.575,17.436,7.0,13,7.0,13,26.575,17.436
125,43.477,19.227,5.0,13,5.0,13,43.477,19.227
126,44.807,23.674,5.0,9,5.0,9,44.807,23.674
127,44.807,16.386,7.0,13,7.0,13,44.807,16.386
128,44.807,16.573,4.0,9,4.0,9,44.807,16.573
129,44.807,18.307,6.0,13,6.0,13,44.807,18.307
130,84.352,29.51,7.0,13,7.0,13,84.352,29.51
131,84.352,23.723,8.0,13,8.0,13,84.352,23.723
132,88.057,34.542,11.0,22,11.0,22,88.057,34.542
133,88.057,27.183,8.0,13,8.0,13,88.057,27.183
134,88.057,29.857,8.0,13,8.0,13,88.057,29.857
135,88.057,25.85,10.0,31,10.0,31,88.057,25.85
136,88.057,27.654,9.0,31,9.0,31,88.057,27.654
137,88.057,21.837,6.0,13,6.0,13,88.057,21.837
138,88.057,23.025,6.0,13,6.0,13,88.057,23.025
139,88.057,26.504,9.0,13,9.0,13,88.057,26.504
140,88.057,25.491,7.0,9,7.0,9,88.057,25.491
141,88.057,35.211,7.0,13,7.0,13,88.057,35.211
142,88.057,17.906,5.0,9,5.0,9,88.057,17.906
143,88.057,19.058,6.0,9,6.0,9,88.057,19.058
144,88.057,21.187,6.0,16,6.0,16,88.057,21.187
145,88.057,25.213,7.0,10,7.0,10,88.057,25.213
146,88.057,20.583,7.0,13,7.0,13,88.057,20.583
147,88.057,17.916,7.0,13,7.0,13,88.057,17.916
148,88.057,20.422,8.0,22,8.0,22,88.057,20.422
149,88.057,26.015,9.0,40,9.0,40,88.057,26.015
150,88.057,28.301,12.0,40,12.0,40,88.057,28.301
151,88.057,18.244,9.0,40,9.0,40,88.057,18.244
152,88.057,20.018,7.0,13,7.0,13,88.057,20.018
153,88.057,35.692,7.0,13,7.0,13,88.057,35.692
154,88.057,20.152,6.0,13,6.0,13,88.057,20.152
155,88.057,26.858,6.0,16,6.0,16,88.057,26.858
156,88.057,21.046,7.0,16,7.0,16,88.057,21.046
157,88.057,21.185,6.0,14,6.0,14,88.057,21.185
158,88.057,31.538,8.0,13,8.0,13,88.057,31.538
159,88.057,28.353,8.0,13,8.0,13,88.057,28.353
160,88.057,25.899,8.0,13,8.0,13,88.057,25.899
161,88.057,22.18,7.0,13,7.0,13,88.057,22.18
162,88.057,20.736,6.0,9,6.0,9,88.057,20.736
163,88.057,21.354,8.0,10,8.0,10,88.057,21.354
164,88.057,20.168,8.0,13,8.0,13,88.057,20.168
165,88.057,20.903,5.0,10,5.0,10,88.057,20.903
166,88.057,18.259,6.0,13,6.0,13,88.057,18.259
167,88.057,30.652,7.0,10,7.0,10,88.057,30.652
168,88.057,21.942,10.0,13,10.0,13,88.057,21.942
169,88.057,23.251,9.0,13,9.0,13,88.057,23.251
170,88.057,22.175,6.0,10,6.0,10,88.057,22.175
171,88.057,22.857,10.0,21,10.0,21,88.057,22.857
172,88.057,28.914,9.0,27,9.0,27,88.057,28.914
173,88.057,21.557,7.0,13,7.0,13,88.057,21.557
174,88.057,17.688,5.0,13,5.0,13,88.057,17.688
175,88.057,26.361,7.0,13,7.0,13,88.057,26.361
176,88.057,21.128,8.0,13,8.0,13,88.057,21.128
177,88.057,19.277,8.0,22,8.0,22,88.057,19.277
178,88.057,19.526,8.0,13,8.0,13,88.057,19.526
179,88.057,16.994,9.0,14,9.0,14,88.057,16.994
180,88.057,27.535,9.0,13,9.0,13,88.057,27.535
181,88.057,23.067,9.0,13,9.0,13,88.057,23.067
182,88.057,21.257,8.0,13,8.0,13,88.057,21.257
183,88.057,20.992,6.0,13,6.0,13,88.057,20.992
184,88.057,28.401,6.0,13,6.0,13,88.057,28.401
185,88.057,23.117,6.0,13,6.0,13,88.057,23.117
186,88.057,27.815,8.0,16,8.0,16,88.057,27.815
187,88.057,28.396,8.0,19,8.0,19,88.057,28.396
188,88.057,21.567,10.0,21,10.0,21,88.057,21.567
189,88.057,22.535,8.0,12,8.0,12,88.057,22.535
190,88.057,19.741,8.0,13,8.0,13,88.057,19.741
191,88.057,31.649,10.0,19,10.0,19,88.057,31.649
192,88.057,22.533,9.0,13,9.0,13,88.057,22.533
193,88.057,26.608,9.0,15,9.0,15,88.057,26.608
194,88.057,18.609,10.0,40,10.0,40,88.057,18.609
195,88.057,17.89,7.0,13,7.0,13,88.057,17.89
196,88.057,21.761,8.0,13,8.0,13,88.057,21.761
197,88.057,19.651,7.0,31,7.0,31,88.057,19.651
198,88.057,18.777,7.0,13,7.0,13,88.057,18.777
199,88.057,25.518,7.0,13,7.0,13,88.057,25.518
200,88.057,20.156,8.0,13,8.0,13,88.057,20.156
201,88.057,18.716,8.0,13,8.0,13,88.057,18.716
202,88.057,19.032,7.0,13,7.0,13,88.057,19.032
203,88.057,23.224,7.0,13,7.0,13,88.057,23.224
204,88.057,36.748,10.0,13,10.0,13,88.057,36.748
205,88.057,22.54,8.0,13,8.0,13,88.057,22.54
206,88.057,26.524,6.0,13,6.0,13,88.057,26.524
207,88.057,26.452,7.0,10,7.0,10,88.057,26.452
208,88.057,21.563,6.0,10,6.0,10,88.057,21.563
209,88.057,22.164,6.0,15,6.0,15,88.057,22.164
210,88.057,18.867,7.0,13,7.0,13,88.057,18.867
211,88.057,34.095,9.0,15,9.0,15,88.057,34.095
212,88.057,21.297,9.0,16,9.0,16,88.057,21.297
213,88.057,22.528,6.0,13,6.0,13,88.057,22.528
214,88.057,28.878,6.0,13,6.0,13,88.057,28.878
215,88.057,23.329,9.0,21,9.0,21,88.057,23.329
216,88.057,19.122,10.0,21,10.0,21,88.057,19.122
217,88.057,22.409,7.0,13,7.0,13,88.057,22.409
218,88.057,20.222,8.0,13,8.0,13,88.057,20.222
219,88.057,20.474,7.0,13,7.0,13,88.057,20.474
220,88.057,18.721,4.0,9,4.0,9,88.057,18.721
221,131.805,39.162,5.0,9,5.0,9,131.805,39.162
222,131.805,35.157,6.0,10,6.0,10,131.805,35.157
223,131.805,36.591,7.0,13,7.0,13,131.805,36.591
224,131.805,27.619,8.0,13,8.0,13,131.805,27.619
225,131.805,23.345,8.0,13,8.0,13,131.805,23.345
226,131.805,28.521,9.0,13,9.0,13,131.805,28.521
227,131.805,51.879,9.0,13,9.0,13,131.805,51.879
228,131.805,22.758,9.0,14,9.0,14,131.805,22.758
229,131.805,25.667,10.0,14,10.0,14,131.805,25.667
230,131.805,25.179,8.0,13,8.0,13,131.805,25.179
231,131.805,27.094,6.0,10,6.0,10,131.805,27.094
232,131.805,25.832,7.0,13,7.0,13,131.805,25.832
233,131.805,45.26,9.0,13,9.0,13,131.805,45.26
234,131.805,28.255,7.0,13,7.0,13,131.805,28.255
235,131.805,27.367,10.0,19,10.0,19,131.805,27.367
236,131.805,24.197,9.0,13,9.0,13,131.805,24.197
237,131.805,23.457,9.0,16,9.0,16,131.805,23.457
238,131.805,27.084,11.0,16,11.0,16,131.805,27.084
239,131.805,33.732,7.0,13,7.0,13,131.805,33.732
240,131.805,24.03,5.0,10,5.0,10,131.805,24.03
241,131.805,24.969,5.0,10,5.0,10,131.805,24.969
242,131.805,46.446,6.0,11,6.0,11,131.805,46.446
243,131.805,36.151,8.0,13,8.0,13,131.805,36.151
244,131.805,27.424,9.0,13,9.0,13,131.805,27.424
245,185.367,43.441,8.0,15,8.0,15,185.367,43.441
246,185.367,29.889,10.0,16,10.0,16,185.367,29.889
247,185.367,30.809,10.0,19,10.0,19,185.367,30.809
248,185.367,28.326,11.0,20,11.0,20,185.367,28.326
249,185.367,30.683,10.0,16,10.0,16,185.367,30.683
250,185.367,29.622,11.0,23,11.0,23,185.367,29.622
251,185.367,27.416,12.0,28,12.0,28,185.367,27.416
252,185.367,43.546,15.0,28,15.0,28,185.367,43.546
253,185.367,55.023,14.0,46,14.0,46,185.367,55.023
254,185.367,29.746,10.0,16,10.0,16,185.367,29.746
255,185.367,37.943,12.0,16,12.0,16,185.367,37.943
256,185.367,35.746,10.0,28,10.0,28,185.367,35.746
257,185.367,27.945,9.0,19,9.0,19,185.367,27.945
258,185.367,30.766,14.0,28,14.0,28,185.367,30.766
259,185.367,30.262,9.0,22,9.0,22,185.367,30.262
260,185.367,29.82,17.0,31,17.0,31,185.367,29.82
261,185.367,32.718,16.0,29,16.0,29,185.367,32.718
262,185.367,30.945,10.0,16,10.0,16,185.367,30.945
263,185.367,39.957,9.0,22,9.0,22,185.367,39.957
264,185.367,32.375,9.0,16,9.0,16,185.367,32.375
265,185.367,28.236,13.0,28,13.0,28,185.367,28.236
266,185.367,42.721,14.0,28,14.0,28,185.367,42.721
267,185.367,45.842,10.0,15,10.0,15,185.367,45.842
268,185.367,28.398,11.0,22,11.0,22,185.367,28.398
269,185.367,31.474,8.0,28,8.0,28,185.367,31.474
270,185.367,32.842,11.0,28,11.0,28,185.367,32.842
271,185.367,38.578,10.0,28,10.0,28,185.367,38.578
272,185.367,27.289,11.0,28,11.0,28,185.367,27.289
273,185.367,36.973,10.0,28,10.0,28,185.367,36.973
274,185.367,32.691,9.0,28,9.0,28,185.367,32.691
275,185.367,32.159,16.0,64,16.0,64,185.367,32.159
276,185.367,31.981,17.0,40,17.0,40,185.367,31.981
277,185.367,34.262,14.0,28,14.0,28,185.367,34.262
278,185.367,30.002,14.0,28,14.0,28,185.367,30.002
279,185.367,44.954,11.0,17,11.0,17,185.367,44.954
280,185.367,35.773,15.0,28,15.0,28,185.367,35.773
281,185.367,32.787,21.0,40,21.0,40,185.367,32.787
282,185.367,30.591,13.0,28,13.0,28,185.367,30.591
283,185.367,31.99,13.0,40,13.0,40,185.367,31.99
284,185.367,49.23,15.0,31,15.0,31,185.367,49.23
285,185.367,29.806,16.0,40,16.0,40,185.367,29.806
286,185.367,36.482,10.0,15,10.0,15,185.367,36.482
287,185.367,29.0,8.0,15,8.0,15,185.367,29.0
288,185.367,40.425,9.0,22,9.0,22,185.367,40.425
289,185.367,53.156,11.0,16,11.0,16,185.367,53.156
290,185.367,30.364,9.0,15,9.0,15,185.367,30.364
291,185.367,41.202,14.0,40,14.0,40,185.367,41.202
292,185.367,29.668,11.0,28,11.0,28,185.367,29.668
293,185.367,49.304,9.0,16,9.0,16,185.367,49.304
294,185.367,38.637,14.0,21,14.0,21,185.367,38.637
295,185.367,28.533,12.0,28,12.0,28,185.367,28.533
296,185.367,31.896,12.0,22,12.0,22,185.367,31.896
297,185.367,31.19,12.0,28,12.0,28,185.367,31.19
298,185.367,33.958,10.0,28,10.0,28,185.367,33.958
299,185.367,29.737,9.0,15,9.0,15,185.367,29.737
300,185.367,35.509,12.0,22,12.0,22,185.367,35.509
301,185.367,27.046,14.0,34,14.0,34,185.367,27.046
302,185.367,30.678,10.0,27,10.0,27,185.367,30.678
303,185.367,45.815,10.0,28,10.0,28,185.367,45.815
304,185.367,27.333,11.0,22,11.0,22,185.367,27.333
305,185.367,30.107,12.0,28,12.0,28,185.367,30.107
306,185.367,28.056,18.0,82,18.0,82,185.367,28.056
307,185.367,26.946,14.0,33,14.0,33,185.367,26.946
308,185.367,31.316,14.0,28,14.0,28,185.367,31.316
309,185.367,31.363,10.0,19,10.0,19,185.367,31.363
310,312.712,76.928,10.0,27,10.0,27,312.712,76.928
311,312.712,81.056,8.0,16,8.0,16,312.712,81.056
312,312.712,74.884,11.0,31,11.0,31,312.712,74.884
313,312.712,48.057,9.0,13,9.0,13,312.712,48.057
314,312.712,55.778,13.0,31,13.0,31,312.712,55.778
315,312.712,47.175,9.0,15,9.0,15,312.712,47.175
316,312.712,47.166,8.0,16,8.0,16,312.712,47.166
317,312.712,52.597,10.0,16,10.0,16,312.712,52.597
318,312.712,72.552,10.0,16,10.0,16,312.712,72.552
319,312.712,76.471,14.0,31,14.0,31,312.712,76.471
320,312.712,44.504,8.0,14,8.0,14,312.712,44.504
321,312.712,43.534,10.0,14,10.0,14,312.712,43.534
322,312.712,53.107,11.0,13,11.0,13,312.712,53.107
323,312.712,44.698,9.0,13,9.0,13,312.712,44.698
324,312.712,43.172,8.0,13,8.0,13,312.712,43.172
325,312.712,42.239,10.0,13,10.0,13,312.712,42.239
326,312.712,45.183,9.0,13,9.0,13,312.712,45.183
327,312.712,75.891,12.0,31,12.0,31,312.712,75.891
328,312.712,48.992,9.0,13,9.0,13,312.712,48.992
329,312.712,48.752,10.0,13,10.0,13,312.712,48.752
330,312.712,46.819,8.0,13,8.0,13,312.712,46.819
331,312.712,46.106,10.0,14,10.0,14,312.712,46.106
332,312.712,44.445,7.0,13,7.0,13,312.712,44.445
333,312.712,48.494,9.0,13,9.0,13,312.712,48.494
334,312.712,42.074,8.0,22,8.0,22,312.712,42.074
335,312.712,44.407,7.0,13,7.0,13,312.712,44.407
336,312.712,45.597,7.0,13,7.0,13,312.712,45.597
337,312.712,76.403,8.0,14,8.0,14,312.712,76.403
338,312.712,76.916,8.0,13,8.0,13,312.712,76.916
339,312.712,83.619,11.0,16,11.0,16,312.712,83.619
340,312.712,44.056,13.0,40,13.0,40,312.712,44.056
341,312.712,77.859,14.0,40,14.0,40,312.712,77.859
342,312.712,72.659,12.0,40,12.0,40,312.712,72.659
343,312.712,47.581,12.0,31,12.0,31,312.712,47.581
344,312.712,72.12,8.0,13,8.0,13,312.712,72.12
345,312.712,104.041,9.0,15,9.0,15,312.712,104.041
346,312.712,76.732,7.0,13,7.0,13,312.712,76.732
347,312.712,75.037,11.0,22,11.0,22,312.712,75.037
348,312.712,74.649,11.0,40,11.0,40,312.712,74.649
349,312.712,56.873,9.0,13,9.0,13,312.712,56.873
350,312.712,107.611,10.0,13,10.0,13,312.712,107.611
351,312.712,77.239,12.0,31,12.0,31,312.712,77.239
352,312.712,51.02,10.0,16,10.0,16,312.712,51.02
353,312.712,49.057,11.0,15,11.0,15,312.712,49.057
354,312.712,74.844,8.0,19,8.0,19,312.712,74.844
355,312.712,135.764,10.0,13,10.0,13,312.712,135.764
356,312.712,105.521,10.0,13,10.0,13,312.712,105.521
357,312.712,75.918,11.0,14,11.0,14,312.712,75.918
358,312.712,74.266,8.0,13,8.0,13,312.712,74.266
359,312.712,45.987,8.0,13,8.0,13,312.712,45.987
360,312.712,134.357,10.0,13,10.0,13,312.712,134.357
361,312.712,101.653,9.0,16,9.0,16,312.712,101.653
362,312.712,50.093,11.0,13,11.0,13,312.712,50.093
363,312.712,45.719,8.0,13,8.0,13,312.712,45.719
364,312.712,45.481,9.0,13,9.0,13,312.712,45.481
365,312.712,49.504,7.0,13,7.0,13,312.712,49.504
366,312.712,44.086,7.0,13,7.0,13,312.712,44.086
367,312.712,49.497,10.0,19,10.0,19,312.712,49.497
368,312.712,106.951,10.0,22,10.0,22,312.712,106.951
369,312.712,77.795,8.0,13,8.0,13,312.712,77.795
370,312.712,77.929,10.0,14,10.0,14,312.712,77.929
371,312.712,77.611,10.0,13,10.0,13,312.712,77.611
372,312.712,75.078,9.0,13,9.0,13,312.712,75.078
373,312.712,135.052,11.0,22,11.0,22,312.712,135.052
374,312.712,45.703,9.0,40,9.0,40,312.712,45.703
375,312.712,43.897,8.0,13,8.0,13,312.712,43.897
376,312.712,132.817,8.0,13,8.0,13,312.712,132.817
377,312.712,74.129,9.0,13,9.0,13,312.712,74.129
378,312.712,76.248,9.0,13,9.0,13,312.712,76.248
379,312.712,109.52,13.0,31,13.0,31,312.712,109.52
380,312.712,73.494,9.0,13,9.0,13,312.712,73.494
381,312.712,45.062,11.0,22,11.0,22,312.712,45.062
382,312.712,43.062,13.0,40,13.0,40,312.712,43.062
383,312.712,47.836,7.0,13,7.0,13,312.712,47.836
384,312.712,74.426,8.0,13,8.0,13,312.712,74.426
385,312.712,49.898,8.0,13,8.0,13,312.712,49.898
386,312.712,74.976,12.0,22,12.0,22,312.712,74.976
387,312.712,51.677,9.0,13,9.0,13,312.712,51.677
388,312.712,77.873,10.0,19,10.0,19,312.712,77.873
389,312.712,46.348,8.0,13,8.0,13,312.712,46.348
390,312.712,77.345,8.0,13,8.0,13,312.712,77.345
391,312.712,47.944,10.0,22,10.0,22,312.712,47.944
392,312.712,78.338,10.0,13,10.0,13,312.712,78.338
393,312.712,43.971,10.0,13,10.0,13,312.712,43.971
394,312.712,47.087,8.0,13,8.0,13,312.712,47.087
395,312.712,76.018,10.0,16,10.0,16,312.712,76.018
396,312.712,48.173,12.0,22,12.0,22,312.712,48.173
397,312.712,45.355,11.0,13,11.0,13,312.712,45.355
398,312.712,45.655,12.0,22,12.0,22,312.712,45.655
399,312.712,46.544,13.0,16,13.0,16,312.712,46.544
400,312.712,43.007,11.0,19,11.0,19,312.712,43.007
401,312.712,46.732,10.0,14,10.0,14,312.712,46.732
402,312.712,46.215,9.0,13,9.0,13,312.712,46.215
403,312.712,80.243,11.0,40,11.0,40,312.712,80.243
404,312.712,75.333,8.0,16,8.0,16,312.712,75.333
405,312.712,74.433,8.0,13,8.0,13,312.712,74.433
406,412.688,114.735,12.0,31,12.0,31,412.688,114.735
407,412.688,54.119,10.0,13,10.0,13,412.688,54.119
408,412.688,98.535,10.0,22,10.0,22,412.688,98.535
409,412.688,54.488,10.0,19,10.0,19,412.688,54.488
410,412.688,94.582,11.0,13,11.0,13,412.688,94.582
411,412.688,94.986,10.0,19,10.0,19,412.688,94.986
412,412.688,94.386,8.0,13,8.0,13,412.688,94.386
413,412.688,96.421,10.0,13,10.0,13,412.688,96.421
414,412.688,54.42,13.0,22,13.0,22,412.688,54.42
415,412.688,53.828,10.0,13,10.0,13,412.688,53.828
416,412.688,97.166,9.0,13,9.0,13,412.688,97.166
417,412.688,94.013,13.0,31,13.0,31,412.688,94.013
418,412.688,59.415,12.0,16,12.0,16,412.688,59.415
419,412.688,58.365,11.0,13,11.0,13,412.688,58.365
420,412.688,59.898,11.0,13,11.0,13,412.688,59.898
421,412.688,60.578,8.0,13,8.0,13,412.688,60.578
422,412.688,103.345,9.0,13,9.0,13,412.688,103.345
423,412.688,97.26,8.0,13,8.0,13,412.688,97.26
424,412.688,97.111,11.0,16,11.0,16,412.688,97.111
425,412.688,54.607,10.0,16,10.0,16,412.688,54.607
426,412.688,60.478,10.0,13,10.0,13,412.688,60.478
427,412.688,54.451,8.0,13,8.0,13,412.688,54.451
428,412.688,54.122,11.0,40,11.0,40,412.688,54.122
429,412.688,58.352,6.0,13,6.0,13,412.688,58.352
430,412.688,93.976,11.0,13,11.0,13,412.688,93.976
431,412.688,133.666,11.0,13,11.0,13,412.688,133.666
432,412.688,95.195,10.0,13,10.0,13,412.688,95.195
433,412.688,94.484,11.0,16,11.0,16,412.688,94.484
434,412.688,57.369,11.0,22,11.0,22,412.688,57.369
435,412.688,101.905,11.0,13,11.0,13,412.688,101.905
436,412.688,96.233,10.0,14,10.0,14,412.688,96.233
437,412.688,55.901,9.0,16,9.0,16,412.688,55.901
438,412.688,55.397,11.0,22,11.0,22,412.688,55.397
439,412.688,57.877,12.0,22,12.0,22,412.688,57.877
440,412.688,93.192,10.0,13,10.0,13,412.688,93.192
441,412.688,55.309,10.0,15,10.0,15,412.688,55.309
442,412.688,133.986,9.0,13,9.0,13,412.688,133.986
443,412.688,58.843,11.0,19,11.0,19,412.688,58.843
444,412.688,96.031,10.0,22,10.0,22,412.688,96.031
445,412.688,94.989,9.0,13,9.0,13,412.688,94.989
446,412.688,97.111,11.0,19,11.0,19,412.688,97.111
447,412.688,56.432,8.0,13,8.0,13,412.688,56.432
448,412.688,93.278,8.0,13,8.0,13,412.688,93.278
449,412.688,56.487,11.0,13,11.0,13,412.688,56.487
450,412.688,132.73,9.0,13,9.0,13,412.688,132.73
451,412.688,94.746,11.0,16,11.0,16,412.688,94.746
452,412.688,133.07,12.0,31,12.0,31,412.688,133.07
453,412.688,58.105,10.0,13,10.0,13,412.688,58.105
454,412.688,95.054,12.0,40,12.0,40,412.688,95.054
455,412.688,174.574,12.0,40,12.0,40,412.688,174.574
456,412.688,57.261,9.0,13,9.0,13,412.688,57.261
457,412.688,57.008,9.0,13,9.0,13,412.688,57.008
458,412.688,99.55,12.0,13,12.0,13,412.688,99.55
459,412.688,62.317,12.0,15,12.0,15,412.688,62.317
460,412.688,98.282,11.0,31,11.0,31,412.688,98.282
461,412.688,55.521,8.0,13,8.0,13,412.688,55.521
462,412.688,57.501,9.0,16,9.0,16,412.688,57.501
463,412.688,95.753,10.0,13,10.0,13,412.688,95.753
464,412.688,55.49,9.0,13,9.0,13,412.688,55.49
465,412.688,55.401,11.0,13,11.0,13,412.688,55.401
466,412.688,94.764,10.0,22,10.0,22,412.688,94.764
467,412.688,53.134,12.0,15,12.0,15,412.688,53.134
468,412.688,53.529,10.0,13,10.0,13,412.688,53.529
469,412.688,135.502,12.0,13,12.0,13,412.688,135.502
470,412.688,94.983,10.0,13,10.0,13,412.688,94.983
471,412.688,137.521,10.0,13,10.0,13,412.688,137.521
472,412.688,97.106,16.0,40,16.0,40,412.688,97.106
473,412.688,55.928,9.0,13,9.0,13,412.688,55.928
474,412.688,69.079,11.0,13,11.0,13,412.688,69.079
475,412.688,59.642,11.0,13,11.0,13,412.688,59.642
476,412.688,56.457,9.0,13,9.0,13,412.688,56.457
477,412.688,98.931,12.0,13,12.0,13,412.688,98.931
478,412.688,100.645,13.0,31,13.0,31,412.688,100.645
479,412.688,95.192,10.0,14,10.0,14,412.688,95.192
480,412.688,134.017,12.0,40,12.0,40,412.688,134.017
481,412.688,131.945,8.0,13,8.0,13,412.688,131.945
482,412.688,63.902,12.0,13,12.0,13,412.688,63.902
483,412.688,53.292,6.0,13,6.0,13,412.688,53.292
484,412.688,57.943,9.0,15,9.0,15,412.688,57.943
485,412.688,54.183,7.0,13,7.0,13,412.688,54.183
486,412.688,97.67,10.0,40,10.0,40,412.688,97.67
487,412.688,55.109,12.0,28,12.0,28,412.688,55.109
488,412.688,132.537,9.0,13,9.0,13,412.688,132.537
489,412.688,95.509,12.0,15,12.0,15,412.688,95.509
490,412.688,52.667,10.0,15,10.0,15,412.688,52.667
491,412.688,97.595,12.0,22,12.0,22,412.688,97.595
492,412.688,55.211,14.0,40,14.0,40,412.688,55.211
493,412.688,54.949,10.0,13,10.0,13,412.688,54.949
494,412.688,93.745,9.0,13,9.0,13,412.688,93.745
495,412.688,55.127,14.0,28,14.0,28,412.688,55.127
496,412.688,54.704,9.0,13,9.0,13,412.688,54.704
497,412.688,55.42,10.0,13,10.0,13,412.688,55.42
498,412.688,56.708,11.0,22,11.0,22,412.688,56.708
499,412.688,53.516,11.0,25,11.0,25,412.688,53.516
500,412.688,53.938,8.0,13,8.0,13,412.688,53.938
501,412.688,56.992,9.0,22,9.0,22,412.688,56.992
502,412.688,54.404,11.0,31,11.0,31,412.688,54.404
503,412.688,55.073,10.0,15,10.0,15,412.688,55.073
504,412.688,55.771,13.0,31,13.0,31,412.688,55.771
505,412.688,59.337,10.0,13,10.0,13,412.688,59.337
506,412.688,93.266,8.0,13,8.0,13,412.688,93.266
507,412.688,95.239,8.0,15,8.0,15,412.688,95.239
508,412.688,54.45,9.0,13,9.0,13,412.688,54.45
509,412.688,54.666,8.0,13,8.0,13,412.688,54.666
510,412.688,56.728,13.0,31,13.0,31,412.688,56.728
511,412.688,134.15,14.0,31,14.0,31,412.688,134.15
512,412.688,137.93,10.0,13,10.0,13,412.688,137.93
513,412.688,96.866,10.0,13,10.0,13,412.688,96.866
514,412.688,97.033,8.0,13,8.0,13,412.688,97.033
515,412.688,95.716,9.0,13,9.0,13,412.688,95.716
516,412.688,135.393,12.0,22,12.0,22,412.688,135.393
517,412.688,60.785,10.0,13,10.0,13,412.688,60.785
518,412.688,59.555,10.0,13,10.0,13,412.688,59.555
519,412.688,135.534,10.0,13,10.0,13,412.688,135.534
520,412.688,96.698,10.0,13,10.0,13,412.688,96.698
521,412.688,61.414,11.0,13,11.0,13,412.688,61.414
522,412.688,56.068,10.0,13,10.0,13,412.688,56.068
523,412.688,54.937,9.0,14,9.0,14,412.688,54.937
524,412.688,61.557,10.0,13,10.0,13,412.688,61.557
525,412.688,98.015,9.0,13,9.0,13,412.688,98.015
526,412.688,55.254,8.0,13,8.0,13,412.688,55.254
527,412.688,58.362,9.0,22,9.0,22,412.688,58.362
528,412.688,98.623,12.0,13,12.0,13,412.688,98.623
529,412.688,96.649,12.0,13,12.0,13,412.688,96.649
530,412.688,53.702,11.0,15,11.0,15,412.688,53.702
531,412.688,93.351,7.0,13,7.0,13,412.688,93.351
532,412.688,57.078,9.0,13,9.0,13,412.688,57.078
533,412.688,133.791,9.0,13,9.0,13,412.688,133.791
534,412.688,54.667,10.0,16,10.0,16,412.688,54.667
535,412.688,95.711,13.0,40,13.0,40,412.688,95.711
536,412.688,134.487,9.0,19,9.0,19,412.688,134.487
537,412.688,94.128,6.0,13,6.0,13,412.688,94.128
538,412.688,173.644,12.0,16,12.0,16,412.688,173.644
539,412.688,59.584,13.0,14,13.0,14,412.688,59.584
540,412.688,53.052,12.0,14,12.0,14,412.688,53.052
541,412.688,97.701,10.0,13,10.0,13,412.688,97.701
542,412.688,57.22,10.0,13,10.0,13,412.688,57.22
543,412.688,96.171,11.0,21,11.0,21,412.688,96.171
544,412.688,98.264,8.0,13,8.0,13,412.688,98.264
545,412.688,133.824,9.0,13,9.0,13,412.688,133.824
546,412.688,58.007,10.0,22,10.0,22,412.688,58.007
547,412.688,55.108,10.0,19,10.0,19,412.688,55.108
548,412.688,54.27,11.0,27,11.0,27,412.688,54.27
549,412.688,53.368,7.0,13,7.0,13,412.688,53.368
550,412.688,95.576,9.0,13,9.0,13,412.688,95.576
551,412.688,136.254,11.0,13,11.0,13,412.688,136.254
552,412.688,58.007,11.0,22,11.0,22,412.688,58.007
553,412.688,56.373,9.0,31,9.0,31,412.688,56.373
554,412.688,96.993,10.0,13,10.0,13,412.688,96.993
555,412.688,174.795,11.0,13,11.0,13,412.688,174.795
556,412.688,94.767,12.0,22,12.0,22,412.688,94.767
557,412.688,57.457,9.0,13,9.0,13,412.688,57.457
558,412.688,57.239,9.0,16,9.0,16,412.688,57.239
559,412.688,53.973,13.0,31,13.0,31,412.688,53.973
560,412.688,51.23,10.0,13,10.0,13,412.688,51.23
561,412.688,57.765,10.0,13,10.0,13,412.688,57.765
562,412.688,52.716,10.0,13,10.0,13,412.688,52.716
563,412.688,58.022,12.0,21,12.0,21,412.688,58.022
564,412.688,58.986,9.0,21,9.0,21,412.688,58.986
565,412.688,54.873,9.0,13,9.0,13,412.688,54.873
566,412.688,132.148,10.0,14,10.0,14,412.688,132.148
567,412.688,94.081,9.0,13,9.0,13,412.688,94.081
568,412.688,139.904,12.0,22,12.0,22,412.688,139.904
569,412.688,59.484,11.0,31,11.0,31,412.688,59.484
570,412.688,94.415,14.0,64,14.0,64,412.688,94.415
571,412.688,95.959,13.0,40,13.0,40,412.688,95.959
572,412.688,95.053,9.0,13,9.0,13,412.688,95.053
573,412.688,56.849,10.0,14,10.0,14,412.688,56.849
574,412.688,95.625,9.0,13,9.0,13,412.688,95.625
575,412.688,93.091,8.0,13,8.0,13,412.688,93.091
576,412.688,133.546,12.0,22,12.0,22,412.688,133.546
577,412.688,53.042,8.0,13,8.0,13,412.688,53.042
578,412.688,92.764,8.0,13,8.0,13,412.688,92.764
579,412.688,132.192,9.0,13,9.0,13,412.688,132.192
580,412.688,97.057,10.0,13,10.0,13,412.688,97.057
581,412.688,73.534,10.0,13,10.0,13,412.688,73.534
582,412.688,54.286,9.0,13,9.0,13,412.688,54.286
583,412.688,53.241,8.0,16,8.0,16,412.688,53.241
584,412.688,93.264,11.0,31,11.0,31,412.688,93.264
585,412.688,93.475,8.0,13,8.0,13,412.688,93.475
586,412.688,61.296,12.0,13,12.0,13,412.688,61.296
587,412.688,138.842,14.0,31,14.0,31,412.688,138.842
588,412.688,58.386,14.0,40,14.0,40,412.688,58.386
589,412.688,93.22,14.0,49,14.0,49,412.688,93.22
590,412.688,59.154,9.0,13,9.0,13,412.688,59.154
591,412.688,94.506,10.0,13,10.0,13,412.688,94.506
592,412.688,94.27,9.0,13,9.0,13,412.688,94.27
593,412.688,92.271,9.0,13,9.0,13,412.688,92.271
594,412.688,92.706,10.0,13,10.0,13,412.688,92.706
595,412.688,71.177,8.0,13,8.0,13,412.688,71.177
596,412.688,94.283,9.0,13,9.0,13,412.688,94.283
597,412.688,135.37,11.0,13,11.0,13,412.688,135.37
598,412.688,95.73,11.0,13,11.0,13,412.688,95.73
599,412.688,55.767,10.0,13,10.0,13,412.688,55.767
600,412.688,59.419,10.0,13,10.0,13,412.688,59.419
601,412.688,58.429,10.0,14,10.0,14,412.688,58.429
602,412.688,53.805,9.0,13,9.0,13,412.688,53.805
603,412.688,100.059,11.0,13,11.0,13,412.688,100.059
604,412.688,58.864,14.0,40,14.0,40,412.688,58.864
605,412.688,53.857,12.0,31,12.0,31,412.688,53.857
606,412.688,53.867,10.0,27,10.0,27,412.688,53.867
607,412.688,55.448,7.0,13,7.0,13,412.688,55.448
608,412.688,94.614,9.0,13,9.0,13,412.688,94.614
609,412.688,59.426,11.0,13,11.0,13,412.688,59.426
610,412.688,94.413,11.0,13,11.0,13,412.688,94.413
611,412.688,94.726,12.0,22,12.0,22,412.688,94.726
612,412.688,94.25,12.0,13,12.0,13,412.688,94.25
613,412.688,55.738,9.0,13,9.0,13,412.688,55.738
614,412.688,142.659,12.0,22,12.0,22,412.688,142.659
615,412.688,57.719,13.0,31,13.0,31,412.688,57.719
616,412.688,55.285,7.0,13,7.0,13,412.688,55.285
617,412.688,58.314,10.0,13,10.0,13,412.688,58.314
618,412.688,55.606,9.0,13,9.0,13,412.688,55.606
619,412.688,138.503,9.0,13,9.0,13,412.688,138.503
620,412.688,95.105,9.0,13,9.0,13,412.688,95.105
621,412.688,53.323,10.0,13,10.0,13,412.688,53.323
622,412.688,95.501,9.0,13,9.0,13,412.688,95.501
623,412.688,94.827,10.0,13,10.0,13,412.688,94.827
624,412.688,55.983,16.0,40,16.0,40,412.688,55.983
625,412.688,92.656,14.0,49,14.0,49,412.688,92.656
626,412.688,57.921,12.0,22,12.0,22,412.688,57.921
627,412.688,97.487,10.0,15,10.0,15,412.688,97.487
628,412.688,59.119,11.0,13,11.0,13,412.688,59.119
629,412.688,56.945,8.0,13,8.0,13,412.688,56.945
630,412.688,95.688,9.0,13,9.0,13,412.688,95.688
631,412.688,93.061,10.0,19,10.0,19,412.688,93.061
632,412.688,56.109,11.0,27,11.0,27,412.688,56.109
633,412.688,53.905,10.0,13,10.0,13,412.688,53.905
634,412.688,93.138,11.0,13,11.0,13,412.688,93.138
635,412.688,57.715,12.0,27,12.0,27,412.688,57.715
636,412.688,54.099,8.0,13,8.0,13,412.688,54.099
637,412.688,98.788,11.0,19,11.0,19,412.688,98.788
638,412.688,54.786,11.0,19,11.0,19,412.688,54.786
639,412.688,61.998,10.0,13,10.0,13,412.688,61.998
640,412.688,54.247,9.0,13,9.0,13,412.688,54.247
641,412.688,56.643,7.0,13,7.0,13,412.688,56.643
642,412.688,53.909,9.0,16,9.0,16,412.688,53.909
643,412.688,94.216,14.0,31,14.0,31,412.688,94.216
644,412.688,56.976,10.0,13,10.0,13,412.688,56.976
645,412.688,54.837,9.0,22,9.0,22,412.688,54.837
646,412.688,60.046,9.0,13,9.0,13,412.688,60.046
647,412.688,54.562,10.0,16,10.0,16,412.688,54.562
648,412.688,61.822,11.0,16,11.0,16,412.688,61.822
649,412.688,54.202,10.0,13,10.0,13,412.688,54.202
650,412.688,52.571,12.0,16,12.0,16,412.688,52.571
651,412.688,59.43,15.0,40,15.0,40,412.688,59.43
652,412.688,52.821,13.0,28,13.0,28,412.688,52.821
653,412.688,102.435,11.0,22,11.0,22,412.688,102.435
654,412.688,56.926,15.0,40,15.0,40,412.688,56.926
655,412.688,56.731,9.0,13,9.0,13,412.688,56.731
656,412.688,53.244,9.0,19,9.0,19,412.688,53.244
657,412.688,52.194,13.0,40,13.0,40,412.688,52.194
658,412.688,54.376,10.0,22,10.0,22,412.688,54.376
659,412.688,57.112,11.0,13,11.0,13,412.688,57.112
660,412.688,54.665,10.0,16,10.0,16,412.688,54.665
661,412.688,55.45,11.0,14,11.0,14,412.688,55.45
662,412.688,56.337,9.0,13,9.0,13,412.688,56.337
663,412.688,53.212,10.0,13,10.0,13,412.688,53.212
664,412.688,55.325,13.0,19,13.0,19,412.688,55.325
665,412.688,56.697,9.0,13,9.0,13,412.688,56.697
666,412.688,94.565,8.0,13,8.0,13,412.688,94.565
667,412.688,96.193,12.0,15,12.0,15,412.688,96.193
668,412.688,55.1,12.0,22,12.0,22,412.688,55.1
669,412.688,135.416,11.0,15,11.0,15,412.688,135.416
670,412.688,55.156,9.0,16,9.0,16,412.688,55.156
671,412.688,173.765,11.0,13,11.0,13,412.688,173.765
672,412.688,135.987,11.0,13,11.0,13,412.688,135.987
673,412.688,54.435,10.0,19,10.0,19,412.688,54.435
674,412.688,55.325,9.0,13,9.0,13,412.688,55.325
675,412.688,96.134,13.0,16,13.0,16,412.688,96.134
676,412.688,94.882,10.0,13,10.0,13,412.688,94.882
677,412.688,98.141,12.0,14,12.0,14,412.688,98.141
678,412.688,54.491,5.0,13,5.0,13,412.688,54.491
679,412.688,99.362,9.0,13,9.0,13,412.688,99.362
680,412.688,103.135,11.0,16,11.0,16,412.688,103.135
681,412.688,100.374,12.0,19,12.0,19,412.688,100.374
682,412.688,134.972,11.0,21,11.0,21,412.688,134.972
683,412.688,56.199,9.0,13,9.0,13,412.688,56.199
684,412.688,56.629,9.0,13,9.0,13,412.688,56.629
685,412.688,64.402,12.0,40,12.0,40,412.688,64.402
686,412.688,62.456,14.0,31,14.0,31,412.688,62.456
687,412.688,107.738,11.0,13,11.0,13,412.688,107.738
688,412.688,62.224,11.0,15,11.0,15,412.688,62.224
689,412.688,54.942,9.0,13,9.0,13,412.688,54.942
690,412.688,55.653,11.0,27,11.0,27,412.688,55.653
691,412.688,94.874,12.0,22,12.0,22,412.688,94.874
692,412.688,94.218,11.0,13,11.0,13,412.688,94.218
693,412.688,57.814,10.0,13,10.0,13,412.688,57.814
694,412.688,95.865,9.0,13,9.0,13,412.688,95.865
695,412.688,60.903,11.0,40,11.0,40,412.688,60.903
696,412.688,53.65,14.0,40,14.0,40,412.688,53.65
697,412.688,93.653,10.0,14,10.0,14,412.688,93.653
698,412.688,57.975,9.0,13,9.0,13,412.688,57.975
699,412.688,64.501,9.0,13,9.0,13,412.688,64.501
700,412.688,57.546,9.0,13,9.0,13,412.688,57.546
701,412.688,58.011,11.0,15,11.0,15,412.688,58.011
702,412.688,52.372,9.0,13,9.0,13,412.688,52.372
703,412.688,55.636,9.0,13,9.0,13,412.688,55.636
704,412.688,57.547,10.0,13,10.0,13,412.688,57.547
705,412.688,57.878,8.0,13,8.0,13,412.688,57.878
706,412.688,136.053,12.0,13,12.0,13,412.688,136.053
707,412.688,92.64,6.0,13,6.0,13,412.688,92.64
708,412.688,92.053,8.0,13,8.0,13,412.688,92.053
709,412.688,53.235,10.0,15,10.0,15,412.688,53.235
710,412.688,56.49,9.0,13,9.0,13,412.688,56.49
711,412.688,57.757,10.0,14,10.0,14,412.688,57.757
712,412.688,60.137,11.0,13,11.0,13,412.688,60.137
713,412.688,56.335,7.0,13,7.0,13,412.688,56.335
714,412.688,52.76,6.0,13,6.0,13,412.688,52.76
715,412.688,54.721,10.0,15,10.0,15,412.688,54.721
716,412.688,102.696,11.0,13,11.0,13,412.688,102.696
717,412.688,97.477,12.0,13,12.0,13,412.688,97.477
718,412.688,56.318,12.0,31,12.0,31,412.688,56.318
719,412.688,135.504,11.0,40,11.0,40,412.688,135.504
720,412.688,56.589,10.0,13,10.0,13,412.688,56.589
721,412.688,55.963,9.0,22,9.0,22,412.688,55.963
722,412.688,56.629,8.0,13,8.0,13,412.688,56.629
723,412.688,100.477,11.0,13,11.0,13,412.688,100.477
724,412.688,57.008,10.0,13,10.0,13,412.688,57.008
725,412.688,94.723,8.0,13,8.0,13,412.688,94.723
726,412.688,54.208,8.0,13,8.0,13,412.688,54.208
727,412.688,141.053,9.0,13,9.0,13,412.688,141.053
728,412.688,132.805,13.0,40,13.0,40,412.688,132.805
729,412.688,56.132,11.0,22,11.0,22,412.688,56.132
730,412.688,53.788,7.0,16,7.0,16,412.688,53.788
731,412.688,96.95,10.0,13,10.0,13,412.688,96.95
732,412.688,174.019,16.0,40,16.0,40,412.688,174.019
733,412.688,55.95,11.0,19,11.0,19,412.688,55.95
734,412.688,58.655,14.0,40,14.0,40,412.688,58.655
735,412.688,59.695,8.0,13,8.0,13,412.688,59.695
736,412.688,92.859,12.0,22,12.0,22,412.688,92.859
737,412.688,59.593,11.0,13,11.0,13,412.688,59.593
738,412.688,93.431,12.0,13,12.0,13,412.688,93.431
739,412.688,58.266,11.0,13,11.0,13,412.688,58.266
740,412.688,96.023,10.0,13,10.0,13,412.688,96.023
741,412.688,135.998,12.0,19,12.0,19,412.688,135.998
742,412.688,54.345,10.0,19,10.0,19,412.688,54.345
743,412.688,58.466,10.0,13,10.0,13,412.688,58.466
744,412.688,95.351,8.0,13,8.0,13,412.688,95.351
745,412.688,55.555,8.0,13,8.0,13,412.688,55.555
746,412.688,55.43,9.0,13,9.0,13,412.688,55.43
747,412.688,59.185,11.0,13,11.0,13,412.688,59.185
748,412.688,57.29,11.0,16,11.0,16,412.688,57.29
749,412.688,94.37,12.0,13,12.0,13,412.688,94.37
750,412.688,132.47,11.0,13,11.0,13,412.688,132.47
751,412.688,56.565,9.0,13,9.0,13,412.688,56.565
752,412.688,53.821,9.0,13,9.0,13,412.688,53.821
753,412.688,53.423,8.0,13,8.0,13,412.688,53.423
754,412.688,52.676,6.0,13,6.0,13,412.688,52.676
755,412.688,134.661,9.0,13,9.0,13,412.688,134.661
756,412.688,52.667,10.0,13,10.0,13,412.688,52.667
757,412.688,94.412,9.0,22,9.0,22,412.688,94.412
758,412.688,93.322,10.0,19,10.0,19,412.688,93.322
759,412.688,90.36,8.0,13,8.0,13,412.688,90.36
760,412.688,57.686,9.0,13,9.0,13,412.688,57.686
761,412.688,52.637,8.0,13,8.0,13,412.688,52.637
762,412.688,94.004,8.0,13,8.0,13,412.688,94.004
763,412.688,55.361,9.0,13,9.0,13,412.688,55.361
764,412.688,54.669,10.0,13,10.0,13,412.688,54.669
765,412.688,53.906,9.0,19,9.0,19,412.688,53.906
766,412.688,135.559,10.0,16,10.0,16,412.688,135.559
767,412.688,98.267,14.0,40,14.0,40,412.688,98.267
768,412.688,54.903,10.0,13,10.0,13,412.688,54.903
769,412.688,52.305,8.0,13,8.0,13,412.688,52.305
770,412.688,95.354,10.0,16,10.0,16,412.688,95.354
771,412.688,51.627,9.0,22,9.0,22,412.688,51.627
772,412.688,56.542,10.0,31,10.0,31,412.688,56.542
773,412.688,65.121,10.0,13,10.0,13,412.688,65.121
774,412.688,95.49,10.0,13,10.0,13,412.688,95.49
775,412.688,59.592,12.0,13,12.0,13,412.688,59.592
776,412.688,102.546,10.0,13,10.0,13,412.688,102.546
777,412.688,95.315,9.0,13,9.0,13,412.688,95.315
778,412.688,135.659,9.0,13,9.0,13,412.688,135.659
779,412.688,97.469,10.0,13,10.0,13,412.688,97.469
780,412.688,55.141,9.0,13,9.0,13,412.688,55.141
781,412.688,57.712,8.0,13,8.0,13,412.688,57.712
782,412.688,55.924,10.0,16,10.0,16,412.688,55.924
783,412.688,57.07,10.0,22,10.0,22,412.688,57.07
784,412.688,54.216,9.0,13,9.0,13,412.688,54.216
785,412.688,99.414,10.0,13,10.0,13,412.688,99.414
786,412.688,53.616,8.0,13,8.0,13,412.688,53.616
787,412.688,95.369,9.0,13,9.0,13,412.688,95.369
788,412.688,174.554,10.0,13,10.0,13,412.688,174.554
789,412.688,136.597,10.0,13,10.0,13,412.688,136.597
790,412.688,93.913,12.0,13,12.0,13,412.688,93.913
791,412.688,54.286,8.0,13,8.0,13,412.688,54.286
792,412.688,61.264,11.0,40,11.0,40,412.688,61.264
793,412.688,93.938,8.0,13,8.0,13,412.688,93.938
794,412.688,97.389,8.0,13,8.0,13,412.688,97.389
795,412.688,173.495,14.0,40,14.0,40,412.688,173.495
796,412.688,53.344,7.0,13,7.0,13,412.688,53.344
797,412.688,55.68,10.0,13,10.0,13,412.688,55.68
798,412.688,62.305,8.0,13,8.0,13,412.688,62.305
799,412.688,95.791,10.0,13,10.0,13,412.688,95.791
800,412.688,96.206,10.0,13,10.0,13,412.688,96.206
801,412.688,55.753,7.0,13,7.0,13,412.688,55.753
802,412.688,92.672,8.0,13,8.0,13,412.688,92.672
803,412.688,54.72,10.0,16,10.0,16,412.688,54.72
804,412.688,56.982,6.0,13,6.0,13,412.688,56.982
805,412.688,54.62,9.0,13,9.0,13,412.688,54.62
806,412.688,54.133,9.0,13,9.0,13,412.688,54.133
807,412.688,56.866,9.0,16,9.0,16,412.688,56.866
808,412.688,57.181,9.0,13,9.0,13,412.688,57.181
809,412.688,57.025,11.0,22,11.0,22,412.688,57.025
810,412.688,52.74,9.0,22,9.0,22,412.688,52.74
811,412.688,58.079,9.0,13,9.0,13,412.688,58.079
812,412.688,55.252,8.0,13,8.0,13,412.688,55.252
813,412.688,53.993,7.0,13,7.0,13,412.688,53.993
814,412.688,55.495,11.0,19,11.0,19,412.688,55.495
815,412.688,93.646,7.0,13,7.0,13,412.688,93.646
816,412.688,96.481,10.0,13,10.0,13,412.688,96.481
817,412.688,54.92,11.0,13,11.0,13,412.688,54.92
818,412.688,55.435,7.0,13,7.0,13,412.688,55.435
819,412.688,95.095,7.0,13,7.0,13,412.688,95.095
820,412.688,53.198,6.0,13,6.0,13,412.688,53.198
821,412.688,68.244,9.0,13,9.0,13,412.688,68.244
822,412.688,56.208,6.0,13,6.0,13,412.688,56.208
823,412.688,93.273,6.0,13,6.0,13,412.688,93.273
824,412.688,53.157,9.0,13,9.0,13,412.688,53.157
825,412.688,95.2,9.0,13,9.0,13,412.688,95.2
826,412.688,57.962,10.0,14,10.0,14,412.688,57.962
827,412.688,134.848,7.0,13,7.0,13,412.688,134.848
828,412.688,97.125,10.0,13,10.0,13,412.688,97.125
829,412.688,135.148,10.0,13,10.0,13,412.688,135.148
830,412.688,96.884,8.0,13,8.0,13,412.688,96.884
831,412.688,101.926,12.0,40,12.0,40,412.688,101.926
832,412.688,54.531,12.0,19,12.0,19,412.688,54.531
833,412.688,57.46,11.0,22,11.0,22,412.688,57.46
834,412.688,53.536,7.0,13,7.0,13,412.688,53.536
835,412.688,56.543,6.0,16,6.0,16,412.688,56.543
836,412.688,95.169,9.0,14,9.0,14,412.688,95.169
837,412.688,59.27,10.0,22,10.0,22,412.688,59.27
838,412.688,96.823,10.0,14,10.0,14,412.688,96.823
839,412.688,137.832,9.0,13,9.0,13,412.688,137.832
840,412.688,98.562,10.0,13,10.0,13,412.688,98.562
841,412.688,99.798,11.0,13,11.0,13,412.688,99.798
842,412.688,96.247,8.0,13,8.0,13,412.688,96.247
843,412.688,57.286,12.0,13,12.0,13,412.688,57.286
844,412.688,57.821,10.0,16,10.0,16,412.688,57.821
845,412.688,54.929,10.0,16,10.0,16,412.688,54.929
846,412.688,93.7,7.0,13,7.0,13,412.688,93.7
847,412.688,57.813,11.0,13,11.0,13,412.688,57.813
848,412.688,91.941,8.0,13,8.0,13,412.688,91.941
849,412.688,57.409,10.0,13,10.0,13,412.688,57.409
850,412.688,56.835,10.0,13,10.0,13,412.688,56.835
851,412.688,52.313,8.0,13,8.0,13,412.688,52.313
852,412.688,98.815,10.0,22,10.0,22,412.688,98.815
853,412.688,55.157,8.0,13,8.0,13,412.688,55.157
854,412.688,93.944,10.0,16,10.0,16,412.688,93.944
855,412.688,135.095,12.0,13,12.0,13,412.688,135.095
856,412.688,56.496,10.0,13,10.0,13,412.688,56.496
857,412.688,59.648,14.0,40,14.0,40,412.688,59.648
858,412.688,58.924,16.0,40,16.0,40,412.688,58.924
859,412.688,54.197,10.0,13,10.0,13,412.688,54.197
860,412.688,137.412,9.0,13,9.0,13,412.688,137.412
861,412.688,137.334,9.0,13,9.0,13,412.688,137.334
862,412.688,95.651,8.0,13,8.0,13,412.688,95.651
863,412.688,54.034,10.0,16,10.0,16,412.688,54.034
864,412.688,55.474,9.0,13,9.0,13,412.688,55.474
865,412.688,97.415,11.0,16,11.0,16,412.688,97.415
866,412.688,56.084,10.0,16,10.0,16,412.688,56.084
867,412.688,53.476,9.0,13,9.0,13,412.688,53.476
868,412.688,54.769,11.0,40,11.0,40,412.688,54.769
869,412.688,58.757,12.0,16,12.0,16,412.688,58.757
870,412.688,175.211,8.0,13,8.0,13,412.688,175.211
871,412.688,101.813,8.0,13,8.0,13,412.688,101.813
872,412.688,58.993,10.0,13,10.0,13,412.688,58.993
873,412.688,65.552,10.0,13,10.0,13,412.688,65.552
874,412.688,103.089,13.0,27,13.0,27,412.688,103.089
875,412.688,92.249,9.0,13,9.0,13,412.688,92.249
876,412.688,173.052,11.0,13,11.0,13,412.688,173.052
877,412.688,135.624,10.0,14,10.0,14,412.688,135.624
878,412.688,135.198,10.0,15,10.0,15,412.688,135.198
879,412.688,54.753,10.0,13,10.0,13,412.688,54.753
880,412.688,52.64,8.0,13,8.0,13,412.688,52.64
881,412.688,54.745,7.0,13,7.0,13,412.688,54.745
882,412.688,92.91,10.0,16,10.0,16,412.688,92.91
883,412.688,54.232,12.0,16,12.0,16,412.688,54.232
884,412.688,95.956,11.0,15,11.0,15,412.688,95.956
885,412.688,53.285,11.0,14,11.0,14,412.688,53.285
886,412.688,53.109,10.0,13,10.0,13,412.688,53.109
887,412.688,56.555,10.0,22,10.0,22,412.688,56.555
888,412.688,57.196,12.0,27,12.0,27,412.688,57.196
889,412.688,96.162,11.0,13,11.0,13,412.688,96.162
890,412.688,94.514,12.0,27,12.0,27,412.688,94.514
891,412.688,55.034,11.0,13,11.0,13,412.688,55.034
892,412.688,53.982,10.0,13,10.0,13,412.688,53.982
893,412.688,58.55,10.0,22,10.0,22,412.688,58.55
894,412.688,136.292,10.0,14,10.0,14,412.688,136.292
895,412.688,53.343,10.0,16,10.0,16,412.688,53.343
896,412.688,97.054,10.0,13,10.0,13,412.688,97.054
897,412.688,54.679,10.0,15,10.0,15,412.688,54.679
898,412.688,99.32,9.0,13,9.0,13,412.688,99.32
899,412.688,93.043,9.0,13,9.0,13,412.688,93.043
900,412.688,53.188,10.0,15,10.0,15,412.688,53.188
901,412.688,54.589,10.0,22,10.0,22,412.688,54.589
902,412.688,55.293,12.0,27,12.0,27,412.688,55.293
903,412.688,94.726,9.0,13,9.0,13,412.688,94.726
904,412.688,56.274,12.0,16,12.0,16,412.688,56.274
905,412.688,94.618,12.0,28,12.0,28,412.688,94.618
906,412.688,94.825,10.0,19,10.0,19,412.688,94.825
907,412.688,61.246,10.0,16,10.0,16,412.688,61.246
908,412.688,55.142,10.0,15,10.0,15,412.688,55.142
909,412.688,53.895,11.0,21,11.0,21,412.688,53.895
910,412.688,53.818,11.0,28,11.0,28,412.688,53.818
911,412.688,95.381,10.0,13,10.0,13,412.688,95.381
912,412.688,70.231,9.0,14,9.0,14,412.688,70.231
913,412.688,95.874,10.0,16,10.0,16,412.688,95.874
914,412.688,95.698,13.0,13,13.0,13,412.688,95.698
915,412.688,53.563,12.0,22,12.0,22,412.688,53.563
916,412.688,55.881,9.0,19,9.0,19,412.688,55.881
917,412.688,93.614,8.0,13,8.0,13,412.688,93.614
918,412.688,57.848,10.0,13,10.0,13,412.688,57.848
919,412.688,55.426,9.0,13,9.0,13,412.688,55.426
920,412.688,92.478,8.0,13,8.0,13,412.688,92.478
921,412.688,60.35,11.0,31,11.0,31,412.688,60.35
922,412.688,94.286,7.0,13,7.0,13,412.688,94.286
923,412.688,137.653,12.0,31,12.0,31,412.688,137.653
924,412.688,57.019,13.0,40,13.0,40,412.688,57.019
925,412.688,56.587,10.0,13,10.0,13,412.688,56.587
926,412.688,54.341,10.0,16,10.0,16,412.688,54.341
927,412.688,99.837,12.0,13,12.0,13,412.688,99.837
928,412.688,95.422,11.0,22,11.0,22,412.688,95.422
929,412.688,55.642,12.0,13,12.0,13,412.688,55.642
930,412.688,56.729,8.0,13,8.0,13,412.688,56.729
931,412.688,54.458,5.0,13,5.0,13,412.688,54.458
932,412.688,55.21,9.0,13,9.0,13,412.688,55.21
933,412.688,58.86,10.0,13,10.0,13,412.688,58.86
934,412.688,56.154,9.0,19,9.0,19,412.688,56.154
935,412.688,175.219,10.0,13,10.0,13,412.688,175.219
936,412.688,93.233,8.0,13,8.0,13,412.688,93.233
937,412.688,58.702,10.0,19,10.0,19,412.688,58.702
938,412.688,55.764,8.0,13,8.0,13,412.688,55.764
939,412.688,55.134,9.0,16,9.0,16,412.688,55.134
940,412.688,57.775,9.0,13,9.0,13,412.688,57.775
941,412.688,54.189,11.0,13,11.0,13,412.688,54.189
942,412.688,134.51,11.0,40,11.0,40,412.688,134.51
943,412.688,95.142,10.0,13,10.0,13,412.688,95.142
944,412.688,59.28,12.0,40,12.0,40,412.688,59.28
945,412.688,98.587,11.0,31,11.0,31,412.688,98.587
946,412.688,98.966,14.0,31,14.0,31,412.688,98.966
947,412.688,137.989,11.0,13,11.0,13,412.688,137.989
948,412.688,92.625,10.0,13,10.0,13,412.688,92.625
949,412.688,134.697,12.0,22,12.0,22,412.688,134.697
950,412.688,93.177,12.0,14,12.0,14,412.688,93.177
951,412.688,55.001,8.0,21,8.0,21,412.688,55.001
952,412.688,58.83,12.0,27,12.0,27,412.688,58.83
953,412.688,56.734,10.0,22,10.0,22,412.688,56.734
954,412.688,53.553,11.0,13,11.0,13,412.688,53.553
955,412.688,56.046,12.0,13,12.0,13,412.688,56.046
956,412.688,96.789,10.0,13,10.0,13,412.688,96.789
957,412.688,59.43,13.0,22,13.0,22,412.688,59.43
958,412.688,53.582,12.0,22,12.0,22,412.688,53.582
959,412.688,57.43,12.0,22,12.0,22,412.688,57.43
960,412.688,54.666,11.0,15,11.0,15,412.688,54.666
961,412.688,57.571,9.0,13,9.0,13,412.688,57.571
962,412.688,55.856,7.0,13,7.0,13,412.688,55.856
963,412.688,56.489,10.0,13,10.0,13,412.688,56.489
964,412.688,59.61,9.0,13,9.0,13,412.688,59.61
965,412.688,53.457,7.0,13,7.0,13,412.688,53.457
966,412.688,54.029,10.0,15,10.0,15,412.688,54.029
967,412.688,94.521,11.0,13,11.0,13,412.688,94.521
968,412.688,53.02,14.0,40,14.0,40,412.688,53.02
969,412.688,53.158,8.0,13,8.0,13,412.688,53.158
970,412.688,57.061,9.0,13,9.0,13,412.688,57.061
971,412.688,132.855,10.0,19,10.0,19,412.688,132.855
972,412.688,53.997,7.0,14,7.0,14,412.688,53.997
973,412.688,59.228,11.0,22,11.0,22,412.688,59.228
974,412.688,57.126,11.0,13,11.0,13,412.688,57.126
975,412.688,95.953,11.0,15,11.0,15,412.688,95.953
976,412.688,94.574,13.0,27,13.0,27,412.688,94.574
977,412.688,58.907,10.0,13,10.0,13,412.688,58.907
978,412.688,94.806,8.0,13,8.0,13,412.688,94.806
979,412.688,93.165,10.0,22,10.0,22,412.688,93.165
980,412.688,56.313,8.0,13,8.0,13,412.688,56.313
981,412.688,51.163,13.0,40,13.0,40,412.688,51.163
982,412.688,53.248,12.0,22,12.0,22,412.688,53.248
983,412.688,97.628,13.0,27,13.0,27,412.688,97.628
984,412.688,56.804,11.0,22,11.0,22,412.688,56.804
985,412.688,96.39,9.0,13,9.0,13,412.688,96.39
986,412.688,138.989,10.0,13,10.0,13,412.688,138.989
987,412.688,56.141,10.0,13,10.0,13,412.688,56.141
988,412.688,95.535,11.0,13,11.0,13,412.688,95.535
989,412.688,53.643,8.0,13,8.0,13,412.688,53.643
990,412.688,136.718,11.0,16,11.0,16,412.688,136.718
991,412.688,96.888,11.0,19,11.0,19,412.688,96.888
992,412.688,58.567,14.0,31,14.0,31,412.688,58.567
993,412.688,54.291,15.0,27,15.0,27,412.688,54.291
994,412.688,53.063,10.0,13,10.0,13,412.688,53.063
995,412.688,54.257,7.0,13,7.0,13,412.688,54.257
996,412.688,56.169,10.0,14,10.0,14,412.688,56.169
997,412.688,98.322,11.0,14,11.0,14,412.688,98.322
998,412.688,98.53,9.0,13,9.0,13,412.688,98.53
999,412.688,97.782,10.0,13,10.0,13,412.688,97.782
